No,Name,Genre,RMS,LUFS,LRA,N peaks,DR,Crest,LR coeff,MS coeff
540,../master-dynamics/audio/540.mp3,reggaeton,0.30204153060913086,-7.3454461097717285,2.34320068359375,379,17.553383,4.837373733520508,-0.005548357963562012,0.30914134802798726
44,../master-dynamics/audio/44.mp3,classical,0.02899256907403469,-26.39893913269043,9.634468078613281,0,35.013412,9.915193557739258,-0.0027344338595867157,0.43183743176493283
613,../master-dynamics/audio/613.mp3,soul,0.25711748003959656,-9.035284996032715,4.512864589691162,0,14.393422,5.015666961669922,0.0031259357929229736,0.20802998575743037
247,../master-dynamics/audio/247.mp3,hip-hop,0.2261347621679306,-9.67810344696045,2.521686553955078,1817,12.655408,7.296311855316162,0.0006799101829528809,0.22427741335719462
110,../master-dynamics/audio/110.mp3,jazz,0.32184335589408875,-7.630418300628662,1.1832871437072754,87,4.005371,3.9970145225524902,-0.0013355910778045654,0.2142849000989565
331,../master-dynamics/audio/331.mp3,electronic,0.3222528398036957,-7.7172393798828125,6.4845967292785645,202,11.384728,4.327795505523682,0.0008150339126586914,0.28965600901307076
257,../master-dynamics/audio/257.mp3,metal,0.2784285545349121,-8.488157272338867,1.5761628150939941,1163,5.1663227,4.8860602378845215,0.036475926637649536,0.20232610372722168
325,../master-dynamics/audio/325.mp3,country,0.12708494067192078,-13.527302742004395,3.299560546875,0,13.446581,9.470186233520508,0.011381417512893677,0.46654437894892936
337,../master-dynamics/audio/337.mp3,electronic,0.33806371688842773,-8.539955139160156,2.0243396759033203,839,4.3305397,4.382194519042969,0.017249643802642822,0.22067053840685227
365,../master-dynamics/audio/365.mp3,electronic,0.26937976479530334,-9.809331893920898,0.5107583999633789,23,2.863801,4.720464706420898,-0.008230417966842651,0.30791622540879376
119,../master-dynamics/audio/119.mp3,jazz,0.16936761140823364,-12.898341178894043,3.4922943115234375,0,17.28986,7.244101047515869,-0.019411548972129822,0.15121901655191414
296,../master-dynamics/audio/296.mp3,country,0.30295249819755554,-6.4649152755737305,1.988443374633789,43,8.038369,4.545658588409424,-0.0006704628467559814,0.33536701620137793
264,../master-dynamics/audio/264.mp3,metal,0.27129387855529785,-8.206708908081055,5.237874507904053,37,9.706356,4.926572322845459,-0.004205882549285889,0.3021626021417963
76,../master-dynamics/audio/76.mp3,house,0.17333564162254333,-11.322094917297363,1.5635509490966797,0,8.748537,6.131528854370117,-0.005188927054405212,0.3111957493400214
149,../master-dynamics/audio/149.mp3,reggae,0.28198137879371643,-7.187087059020996,0.8960304260253906,6,4.115733,4.526015758514404,0.0025562942028045654,0.3036237961963904
604,../master-dynamics/audio/604.mp3,soul,0.10327734798192978,-16.553802490234375,3.384702682495117,0,12.897861,7.767645359039307,-2.0116567611694336e-07,8.622829123977999e-05
326,../master-dynamics/audio/326.mp3,electronic,0.3029502332210541,-8.905782699584961,0.7510232925415039,5,7.9303465,4.237015247344971,-0.013306975364685059,0.2141120515096849
46,../master-dynamics/audio/46.mp3,house,0.2575305104255676,-7.97458028793335,13.59554672241211,10,20.751842,5.858495235443115,-0.005598574876785278,0.3454748106465041
187,../master-dynamics/audio/187.mp3,k-pop,0.3633183240890503,-4.766304016113281,2.4248809814453125,1485,8.706044,3.850635051727295,-0.0013301670551300049,0.32894974779619246
184,../master-dynamics/audio/184.mp3,k-pop,0.3026382029056549,-6.634024143218994,2.828287124633789,263,6.4895973,4.570756435394287,-0.005725890398025513,0.33554620065225343
584,../master-dynamics/audio/584.mp3,soul,0.21094992756843567,-8.07780647277832,2.1918811798095703,0,7.7826877,6.177185535430908,0.0944269597530365,0.49498591984692347
329,../master-dynamics/audio/329.mp3,electronic,0.2720642387866974,-10.074176788330078,5.64954948425293,98,10.524509,5.25565242767334,-0.005807548761367798,0.14791191913162122
435,../master-dynamics/audio/435.mp3,pop,0.23804636299610138,-9.574150085449219,2.738661766052246,0,11.096055,5.039096355438232,0.0004410594701766968,0.18645444628390076
662,../master-dynamics/audio/662.mp3,disco,0.09230459481477737,-17.525854110717773,3.1654205322265625,0,12.0231695,11.952366828918457,-0.012030385434627533,0.2686959301250786
370,../master-dynamics/audio/370.mp3,funk,0.3058331310749054,-8.042542457580566,1.189702033996582,369,6.6386747,4.474431991577148,-0.034254640340805054,0.1376908872410362
559,../master-dynamics/audio/559.mp3,rock,0.21965937316417694,-10.549077033996582,1.1764230728149414,123,8.3775,6.188733100891113,-0.03353185951709747,0.2593980271016823
407,../master-dynamics/audio/407.mp3,rhythm and blues,0.1342761367559433,-13.280965805053711,2.48175048828125,0,10.8018265,7.630979537963867,-2.086162567138672e-07,6.581259952461231e-05
503,../master-dynamics/audio/503.mp3,orchestral,0.07335150986909866,-17.99983024597168,12.753069877624512,0,19.415579,9.580632209777832,-0.00113600492477417,0.42140730072190635
109,../master-dynamics/audio/109.mp3,jazz,0.258745938539505,-7.915350437164307,1.8856911659240723,8,5.1448345,4.9223313331604,-0.05061823129653931,0.398782163456749
644,../master-dynamics/audio/644.mp3,disco,0.16823996603488922,-12.726118087768555,2.3397016525268555,0,8.423291,7.06216287612915,0.02016150951385498,0.3223759883224102
529,../master-dynamics/audio/529.mp3,reggaeton,0.2708085775375366,-11.077079772949219,2.8277225494384766,21,8.914846,4.782100677490234,0.00424996018409729,0.16040862078410023
332,../master-dynamics/audio/332.mp3,electronic,0.16653472185134888,-13.891030311584473,1.7985916137695312,0,9.367946,9.162280082702637,-0.03669586777687073,0.3372175164877941
464,../master-dynamics/audio/464.mp3,pop,0.3314889073371887,-6.851036071777344,3.1808462142944336,1036,8.633788,4.225905895233154,-0.008726686239242554,0.215525325105112
229,../master-dynamics/audio/229.mp3,hip-hop,0.31481415033340454,-9.658048629760742,1.5722465515136719,1122,11.717076,4.533383846282959,0.0028124749660491943,0.14655265406003648
13,../master-dynamics/audio/13.mp3,classical,0.04298106208443642,-22.035810470581055,12.417991638183594,0,35.36522,13.354178428649902,-0.0073629580438137054,0.4538152669397719
520,../master-dynamics/audio/520.mp3,reggaeton,0.2821941673755646,-9.05817985534668,3.4135560989379883,1028,9.508752,5.660977840423584,0.008673220872879028,0.24802244329260326
430,../master-dynamics/audio/430.mp3,pop,0.30877527594566345,-6.696783065795898,1.6368260383605957,166,11.01659,4.477400302886963,-0.0034305453300476074,0.3427387671225148
198,../master-dynamics/audio/198.mp3,k-pop,0.3042973279953003,-7.289290904998779,2.032665252685547,100,7.876405,4.238980770111084,0.00476798415184021,0.3026541261492569
323,../master-dynamics/audio/323.mp3,country,0.28097638487815857,-8.497228622436523,2.5276684761047363,0,10.65283,4.481256484985352,-0.0721282958984375,0.2963965327815866
423,../master-dynamics/audio/423.mp3,rhythm and blues,0.1159752681851387,-15.850417137145996,3.0895519256591797,0,18.438726,8.388668060302734,0.0020717158913612366,0.12157344143038404
81,../master-dynamics/audio/81.mp3,house,0.3365076780319214,-5.9679107666015625,3.151144027709961,1096,5.7090898,4.366025924682617,-0.006055921316146851,0.3699233080049479
609,../master-dynamics/audio/609.mp3,soul,0.33009767532348633,-6.520478248596191,0.4325428009033203,8,4.9019184,3.7794888019561768,0.00518229603767395,0.37376233485928595
77,../master-dynamics/audio/77.mp3,house,0.26186293363571167,-8.037483215332031,1.7003798484802246,40,10.758338,5.478521823883057,0.0005908608436584473,0.34994870359805297
48,../master-dynamics/audio/48.mp3,house,0.5128121376037598,-2.056352376937866,0.5250896215438843,26723,4.552314,2.937506914138794,0.0011730790138244629,0.34642504547122477
98,../master-dynamics/audio/98.mp3,jazz,0.12393886595964432,-14.70964527130127,4.101858139038086,0,31.505066,10.196639060974121,0.0029734447598457336,0.14104924725839219
249,../master-dynamics/audio/249.mp3,hip-hop,0.2394268959760666,-9.951761245727539,1.508920669555664,0,3.919818,5.114521503448486,0.009666159749031067,0.28955098723822176
443,../master-dynamics/audio/443.mp3,pop,0.12935873866081238,-14.032621383666992,3.9852066040039062,2,11.357001,10.454120635986328,0.006529450416564941,0.2831330226958154
632,../master-dynamics/audio/632.mp3,disco,0.23631195724010468,-10.677091598510742,1.543853759765625,14,5.340554,5.535894393920898,0.007117018103599548,0.1490584964559909
312,../master-dynamics/audio/312.mp3,country,0.26796701550483704,-7.597393989562988,0.9856200218200684,29,2.6547031,4.727210998535156,-0.038135260343551636,0.37054308996807683
114,../master-dynamics/audio/114.mp3,jazz,0.27741000056266785,-9.213178634643555,1.261362075805664,14,5.000295,4.56256628036499,0.007415562868118286,0.16331652249856718
663,../master-dynamics/audio/663.mp3,disco,0.10621671378612518,-14.656095504760742,1.539778709411621,0,7.494482,6.374843120574951,-0.007615111768245697,0.34237126447918265
393,../master-dynamics/audio/393.mp3,funk,0.3565771281719208,-5.906225204467773,2.7744011878967285,3613,15.179044,4.485652923583984,0.0049304962158203125,0.12103667055928598
473,../master-dynamics/audio/473.mp3,orchestral,0.07754885405302048,-18.015249252319336,4.216222763061523,0,13.332377,6.040702819824219,-0.021404199302196503,0.46403970726661187
157,../master-dynamics/audio/157.mp3,reggae,0.2070205956697464,-11.153804779052734,1.259282112121582,0,5.0757694,6.290003299713135,-0.004454478621482849,0.1926964917615687
192,../master-dynamics/audio/192.mp3,k-pop,0.22687958180904388,-9.998839378356934,3.2580442428588867,17,12.273485,6.157650947570801,-0.001558944582939148,0.2971661297893872
549,../master-dynamics/audio/549.mp3,rock,0.22729605436325073,-9.172088623046875,0.7189226150512695,0,4.1941376,5.3555779457092285,-0.017450004816055298,0.322308881755694
417,../master-dynamics/audio/417.mp3,rhythm and blues,0.07915662974119186,-16.544431686401367,1.6603031158447266,0,11.651428,7.666788578033447,-0.014149360358715057,0.4629405609324631
197,../master-dynamics/audio/197.mp3,k-pop,0.2544797658920288,-10.614246368408203,2.878209114074707,633,13.426424,5.932234764099121,0.00021061301231384277,0.1701206473086593
642,../master-dynamics/audio/642.mp3,disco,0.1148914322257042,-13.761417388916016,3.6309642791748047,0,12.536448,9.529202461242676,-0.01575690507888794,0.4009727053523781
87,../master-dynamics/audio/87.mp3,jazz,0.23319406807422638,-10.63237190246582,2.7102184295654297,12,7.84894,5.87959098815918,-0.0088978111743927,0.21535291285672922
475,../master-dynamics/audio/475.mp3,orchestral,0.019831644371151924,-29.521520614624023,5.902280807495117,0,19.939163,7.829684257507324,0.0016962215304374695,0.4746713901851164
660,../master-dynamics/audio/660.mp3,disco,0.24061080813407898,-11.051182746887207,0.6740789413452148,5,4.1900015,5.869938850402832,0.0005201250314712524,0.09704840917522185
170,../master-dynamics/audio/170.mp3,k-pop,0.3572637736797333,-5.737760543823242,1.7407937049865723,215,9.950688,4.084095478057861,0.0037065744400024414,0.3334283320462067
0,../master-dynamics/audio/0.mp3,classical,0.08586523681879044,-16.957366943359375,8.753890991210938,0,14.0305395,9.315699577331543,-0.01199880987405777,0.40072290436683905
530,../master-dynamics/audio/530.mp3,reggaeton,0.2414056807756424,-11.364542961120605,3.3789024353027344,454,11.475993,6.701571464538574,-0.0006928741931915283,0.10107720209090923
150,../master-dynamics/audio/150.mp3,reggae,0.2679630517959595,-9.090439796447754,0.9607133865356445,142,3.6824527,4.829649448394775,0.012894362211227417,0.22788503493410556
36,../master-dynamics/audio/36.mp3,classical,0.07980544120073318,-18.116844177246094,3.072938919067383,0,9.780835,6.489238739013672,-0.001447133719921112,0.3671344565936558
1,../master-dynamics/audio/1.mp3,classical,0.05933073163032532,-22.02753448486328,7.390718460083008,0,37.82964,7.542270660400391,-1.862645149230957e-08,0.00014889763800168674
69,../master-dynamics/audio/69.mp3,house,0.3263050317764282,-7.546436309814453,5.860609531402588,39,8.894644,4.2392659187316895,0.0007684826850891113,0.29455744522613564
628,../master-dynamics/audio/628.mp3,disco,0.3237127363681793,-6.656532287597656,1.473337173461914,520,5.712741,4.317074775695801,0.0030108392238616943,0.28894578427298145
125,../master-dynamics/audio/125.mp3,jazz,0.13240395486354828,-13.935001373291016,6.370126724243164,0,20.583042,7.587985992431641,-0.008292898535728455,0.31025733262465693
424,../master-dynamics/audio/424.mp3,rhythm and blues,0.12971661984920502,-14.381304740905762,3.8783092498779297,0,16.446138,6.804441928863525,0.001033782958984375,0.06069886273705326
422,../master-dynamics/audio/422.mp3,rhythm and blues,0.16154664754867554,-12.330695152282715,4.474534034729004,0,13.235172,6.97613525390625,0.0021738260984420776,0.029938835438180763
557,../master-dynamics/audio/557.mp3,rock,0.12914110720157623,-13.85092830657959,1.0023069381713867,0,4.1171665,5.3843255043029785,0.0011857450008392334,0.36949317925163805
11,../master-dynamics/audio/11.mp3,classical,0.026794448494911194,-27.032207489013672,15.385313034057617,0,59.80123,15.38078784942627,0.003984043374657631,0.40898729780138077
80,../master-dynamics/audio/80.mp3,house,0.2810049057006836,-7.063599109649658,1.974898338317871,57,8.836483,4.778842449188232,-0.00976291298866272,0.33970835693524143
201,../master-dynamics/audio/201.mp3,k-pop,0.3398596942424774,-6.2887492179870605,1.615980625152588,3465,7.5349655,4.447936058044434,0.010459333658218384,0.3092438004010617
85,../master-dynamics/audio/85.mp3,house,0.19234198331832886,-12.734513282775879,1.6240949630737305,0,8.608003,5.872289180755615,0.006022036075592041,0.2434317888191789
89,../master-dynamics/audio/89.mp3,jazz,0.16191279888153076,-13.14741325378418,1.7367591857910156,0,9.844858,7.027048110961914,0.03731217980384827,0.22324535751075086
261,../master-dynamics/audio/261.mp3,metal,0.2519594728946686,-7.550141334533691,0.98638916015625,79,4.8850336,5.132149696350098,-0.020811855792999268,0.35468229589347533
500,../master-dynamics/audio/500.mp3,orchestral,0.11239422857761383,-15.412834167480469,2.0127696990966797,0,8.054404,10.16317081451416,0.0010633692145347595,0.36474862191662605
234,../master-dynamics/audio/234.mp3,hip-hop,0.30911609530448914,-8.40331745147705,2.1758413314819336,2363,11.22711,5.400173664093018,0.000605463981628418,0.14504284483595034
524,../master-dynamics/audio/524.mp3,reggaeton,0.23634789884090424,-9.466175079345703,2.461672782897949,0,38.575993,5.716307640075684,-0.011013850569725037,0.22204791478319938
156,../master-dynamics/audio/156.mp3,reggae,0.30770039558410645,-9.599602699279785,0.9642915725708008,262,9.307314,4.618871212005615,-0.004605203866958618,0.11601965524935696
493,../master-dynamics/audio/493.mp3,orchestral,0.19239069521427155,-10.201467514038086,1.5519046783447266,0,7.9523067,6.029728889465332,0.04782290756702423,0.4088040341112025
657,../master-dynamics/audio/657.mp3,disco,0.3278034031391144,-6.340305328369141,1.4584083557128906,346,4.2076864,4.239992141723633,0.0043142735958099365,0.29881971114321937
78,../master-dynamics/audio/78.mp3,house,0.24388852715492249,-11.075592994689941,3.4070253372192383,40,10.989033,6.08623743057251,0.015369027853012085,0.2894275116282468
667,../master-dynamics/audio/667.mp3,motown,0.08799576014280319,-17.363744735717773,0.700408935546875,0,4.4662304,6.792669296264648,-0.003052636981010437,0.3521391590643277
638,../master-dynamics/audio/638.mp3,disco,0.29365119338035583,-9.117490768432617,1.1330223083496094,2585,11.131801,5.054455757141113,-0.0067494213581085205,0.17719859780047686
624,../master-dynamics/audio/624.mp3,disco,0.08455657958984375,-17.1910457611084,4.301746368408203,0,11.483353,8.185136795043945,-0.00010135024785995483,0.45219081275606815
142,../master-dynamics/audio/142.mp3,reggae,0.11921617388725281,-14.865978240966797,2.7327098846435547,0,9.315234,7.5528130531311035,0.004543334245681763,0.26480677175259576
601,../master-dynamics/audio/601.mp3,soul,0.23673444986343384,-10.824190139770508,1.9950075149536133,0,13.537899,5.712423801422119,0.004899248480796814,0.23479420743813498
151,../master-dynamics/audio/151.mp3,reggae,0.23202182352542877,-10.502918243408203,3.9700679779052734,2168,11.682641,6.808486461639404,0.006535142660140991,0.24038048765093825
66,../master-dynamics/audio/66.mp3,house,0.35013413429260254,-8.465422630310059,2.7610702514648438,378,14.326803,4.121969223022461,-0.0013823211193084717,0.20304877971603563
495,../master-dynamics/audio/495.mp3,orchestral,0.03273778781294823,-25.67745018005371,5.284261703491211,0,15.233145,9.391410827636719,0.005578421056270599,0.4572377919108617
538,../master-dynamics/audio/538.mp3,reggaeton,0.13225288689136505,-13.647287368774414,12.693852424621582,0,19.592625,6.553317546844482,-0.0011215656995773315,0.3361340134508435
648,../master-dynamics/audio/648.mp3,disco,0.16355755925178528,-12.287620544433594,1.9367895126342773,0,5.978504,4.6086859703063965,-0.001306682825088501,0.27990455251847257
390,../master-dynamics/audio/390.mp3,funk,0.3456907868385315,-8.377800941467285,1.7691402435302734,982,8.462475,3.923093795776367,-0.001534789800643921,0.1346720122111114
207,../master-dynamics/audio/207.mp3,k-pop,0.33000198006629944,-6.662040710449219,3.3329038619995117,1948,12.011584,4.837104320526123,0.001452624797821045,0.30749321539412156
163,../master-dynamics/audio/163.mp3,reggae,0.24547618627548218,-10.082368850708008,4.319169044494629,548,11.997604,6.095814228057861,0.0022090375423431396,0.23039575880540802
441,../master-dynamics/audio/441.mp3,pop,0.35077324509620667,-7.066360950469971,0.8664641380310059,1622,3.9493399,4.179198265075684,0.003386259078979492,0.23002001852400075
551,../master-dynamics/audio/551.mp3,rock,0.26607003808021545,-8.183732986450195,2.065920829772949,1,5.391837,4.713650226593018,-0.025222212076187134,0.36784541823205186
19,../master-dynamics/audio/19.mp3,classical,0.049793802201747894,-21.308176040649414,7.065927505493164,0,18.188622,12.577709197998047,-0.013480845838785172,0.4704520976862289
522,../master-dynamics/audio/522.mp3,reggaeton,0.23328690230846405,-10.413244247436523,2.7203903198242188,90,31.437662,6.317036151885986,-7.450580596923828e-08,3.78869787265458e-05
592,../master-dynamics/audio/592.mp3,soul,0.2942843437194824,-9.03114128112793,1.1500225067138672,74,6.7638707,4.658606052398682,-0.0020436644554138184,0.1619749511971725
237,../master-dynamics/audio/237.mp3,hip-hop,0.20493629574775696,-11.365665435791016,3.005247116088867,0,10.561406,6.423748016357422,-0.0039217472076416016,0.17657434661529853
133,../master-dynamics/audio/133.mp3,reggae,0.3429446220397949,-7.97493839263916,1.6179265975952148,525,7.1182094,3.943557024002075,0.0035789012908935547,0.17235979340695137
635,../master-dynamics/audio/635.mp3,disco,0.38883838057518005,-6.590849876403809,1.3229303359985352,837,4.2218227,3.5405027866363525,0.0019651949405670166,0.18272536692426372
374,../master-dynamics/audio/374.mp3,funk,0.2825199067592621,-8.424483299255371,0.9939308166503906,9,4.305521,4.616795539855957,-0.025976181030273438,0.2651498597286129
354,../master-dynamics/audio/354.mp3,electronic,0.2522468864917755,-8.846912384033203,2.802344799041748,0,4.7707195,4.735050678253174,-0.07585787773132324,0.42516015252413475
266,../master-dynamics/audio/266.mp3,metal,0.20035172998905182,-9.25401782989502,7.221620559692383,29,11.485563,6.901500225067139,0.009324878454208374,0.398778913834398
577,../master-dynamics/audio/577.mp3,rock,0.2763783633708954,-7.555542945861816,3.4240264892578125,466,8.571913,5.22015905380249,-0.019044697284698486,0.3177231598117295
233,../master-dynamics/audio/233.mp3,hip-hop,0.3864242434501648,-6.549459934234619,0.9336204528808594,95,3.726543,3.369661331176758,0.025494247674942017,0.3164598027869808
643,../master-dynamics/audio/643.mp3,disco,0.31577831506729126,-7.826881408691406,1.6251344680786133,171,7.14311,4.2300872802734375,-0.016182631254196167,0.20943969995288592
450,../master-dynamics/audio/450.mp3,pop,0.2276870757341385,-10.773859977722168,1.4687509536743164,0,10.057802,5.770797252655029,0.037572771310806274,0.33399821138600827
539,../master-dynamics/audio/539.mp3,reggaeton,0.24771831929683685,-7.534503936767578,1.8616623878479004,9,10.874184,5.598811626434326,-0.0020869076251983643,0.4249106113542678
357,../master-dynamics/audio/357.mp3,electronic,0.2958372235298157,-9.8065824508667,0.7905025482177734,3,4.5881824,4.372620582580566,-0.00655752420425415,0.17430889387524193
179,../master-dynamics/audio/179.mp3,k-pop,0.14774806797504425,-9.656679153442383,4.211758136749268,0,14.193926,5.912581443786621,-0.015728265047073364,0.4525316069433598
131,../master-dynamics/audio/131.mp3,reggae,0.2828555107116699,-8.63060474395752,2.6602401733398438,1119,7.2733555,4.876375198364258,0.0037108659744262695,0.3028371460619641
561,../master-dynamics/audio/561.mp3,rock,0.12354419380426407,-13.604909896850586,7.2461042404174805,0,12.722166,7.176653861999512,0.010385528206825256,0.408712216501099
160,../master-dynamics/audio/160.mp3,reggae,0.14240095019340515,-15.474878311157227,2.3767337799072266,0,13.375805,7.2605671882629395,-0.0002774745225906372,0.1225927311838297
600,../master-dynamics/audio/600.mp3,soul,0.19548937678337097,-10.18819808959961,2.986781120300293,0,6.144025,6.309200763702393,-0.027710825204849243,0.3973978162659751
120,../master-dynamics/audio/120.mp3,jazz,0.2564866840839386,-10.253803253173828,1.8092126846313477,0,11.717173,5.080600261688232,0.008481621742248535,0.15305194486736717
310,../master-dynamics/audio/310.mp3,country,0.28938809037208557,-8.019679069519043,1.0441551208496094,12,11.501679,4.458886623382568,0.0036840736865997314,0.2854294071531306
526,../master-dynamics/audio/526.mp3,reggaeton,0.32301926612854004,-6.968348979949951,1.0890469551086426,3457,6.2702427,4.603847980499268,0.0005764663219451904,0.3138502090449797
186,../master-dynamics/audio/186.mp3,k-pop,0.2705587148666382,-7.8177008628845215,2.1782851219177246,16,6.590061,4.884657382965088,-0.009522885084152222,0.3601531432275332
661,../master-dynamics/audio/661.mp3,disco,0.1397310197353363,-13.092544555664062,3.125185966491699,0,9.702121,9.154958724975586,-0.017793461680412292,0.338690978917755
79,../master-dynamics/audio/79.mp3,house,0.34392714500427246,-6.587833404541016,1.5556163787841797,509,5.6786604,4.1406707763671875,0.0014837384223937988,0.2633776481735169
82,../master-dynamics/audio/82.mp3,house,0.26186293363571167,-8.037483215332031,1.7003798484802246,40,10.758338,5.478521823883057,0.0005908608436584473,0.34994870359805297
554,../master-dynamics/audio/554.mp3,rock,0.2721448242664337,-7.519311904907227,1.8273930549621582,83,7.8095045,4.738203525543213,-0.01381734013557434,0.30811879326760067
343,../master-dynamics/audio/343.mp3,electronic,0.37469011545181274,-7.878402233123779,0.4704771041870117,1292,3.8334332,3.9836320877075195,-0.0025526881217956543,0.14837741915932617
494,../master-dynamics/audio/494.mp3,orchestral,0.11236388236284256,-17.162660598754883,10.146446228027344,0,46.806206,11.75738525390625,0.0014135539531707764,0.25580587361630786
55,../master-dynamics/audio/55.mp3,house,0.2942337095737457,-8.483407020568848,5.178767204284668,133,8.238394,4.888143539428711,0.011215120553970337,0.3013906076432041
148,../master-dynamics/audio/148.mp3,reggae,0.3122108280658722,-8.326973915100098,1.7573204040527344,471,7.8926735,4.6901116371154785,-0.00923272967338562,0.1626749738282342
436,../master-dynamics/audio/436.mp3,pop,0.09257548302412033,-16.866962432861328,1.8568229675292969,0,12.727215,9.037788391113281,-0.007093250751495361,0.2915318588643013
289,../master-dynamics/audio/289.mp3,metal,0.15690332651138306,-12.133166313171387,0.5551223754882812,0,3.1005926,4.419549465179443,0.0024796873331069946,0.33600583223652813
607,../master-dynamics/audio/607.mp3,soul,0.19005179405212402,-11.165375709533691,6.071033000946045,5,23.453491,7.483058452606201,-0.010517507791519165,0.33464922362209537
240,../master-dynamics/audio/240.mp3,hip-hop,0.2799489498138428,-9.155311584472656,0.6266489028930664,29,3.565587,4.575445652008057,-0.00013214349746704102,0.18698433778813398
387,../master-dynamics/audio/387.mp3,funk,0.2777559161186218,-8.82569694519043,2.2718682289123535,0,11.619583,4.843542575836182,0.015138566493988037,0.20692281864226492
14,../master-dynamics/audio/14.mp3,classical,0.04884466901421547,-20.142311096191406,5.885885238647461,0,21.554659,10.131691932678223,-0.00216810405254364,0.4678569974743749
371,../master-dynamics/audio/371.mp3,funk,0.3360997438430786,-8.108646392822266,1.4215707778930664,6,7.4285436,3.84541654586792,-0.0037734806537628174,0.12502278811605275
518,../master-dynamics/audio/518.mp3,reggaeton,0.3478925824165344,-7.346149444580078,1.94464111328125,738,5.289337,4.205404758453369,0.0007020831108093262,0.18492188521255815
112,../master-dynamics/audio/112.mp3,jazz,0.10078451782464981,-16.307680130004883,3.128131866455078,0,14.396866,11.581268310546875,0.020173564553260803,0.2998512815813632
291,../master-dynamics/audio/291.mp3,metal,0.3191080391407013,-7.0260467529296875,1.146143913269043,31,3.1739717,3.9645659923553467,0.0005289018154144287,0.3227257590006109
284,../master-dynamics/audio/284.mp3,metal,0.2191769927740097,-9.066701889038086,1.0468072891235352,0,6.7779417,5.814332008361816,0.0011231154203414917,0.32727146958959985
608,../master-dynamics/audio/608.mp3,soul,0.11872699856758118,-13.443906784057617,2.0928287506103516,0,9.779559,9.268996238708496,0.001103028655052185,0.38652373001514273
659,../master-dynamics/audio/659.mp3,disco,0.16880279779434204,-13.64011001586914,0.5829448699951172,0,3.0173912,4.992208957672119,-0.006370052695274353,0.23479068440913145
243,../master-dynamics/audio/243.mp3,hip-hop,0.2553672790527344,-9.599458694458008,1.627669334411621,175,7.1796346,5.316180229187012,0.01850104331970215,0.22688157028579337
159,../master-dynamics/audio/159.mp3,reggae,0.2970275580883026,-6.962080001831055,5.766926288604736,791,20.359842,4.656523704528809,-0.011221498250961304,0.3305382806688294
469,../master-dynamics/audio/469.mp3,pop,0.25666218996047974,-10.087347984313965,1.8145465850830078,3864,11.959166,6.439533710479736,-0.00028076767921447754,0.13918861901148769
335,../master-dynamics/audio/335.mp3,electronic,0.1746709644794464,-12.136129379272461,3.8870468139648438,0,11.570259,7.105668544769287,0.006578534841537476,0.304385869766562
418,../master-dynamics/audio/418.mp3,rhythm and blues,0.07929064333438873,-18.64669418334961,4.000896453857422,0,29.280699,8.169084548950195,-0.0009182244539260864,0.015520287257064088
352,../master-dynamics/audio/352.mp3,electronic,0.14988858997821808,-12.949260711669922,2.1344642639160156,0,12.029769,6.471677303314209,0.008230268955230713,0.12309764677222995
372,../master-dynamics/audio/372.mp3,funk,0.22207100689411163,-9.311317443847656,1.3555774688720703,25,8.29127,5.933464050292969,0.009708032011985779,0.2946153317981182
202,../master-dynamics/audio/202.mp3,k-pop,0.2348736822605133,-7.923566818237305,1.3845510482788086,0,8.368059,4.938617706298828,0.016438066959381104,0.3686712137520182
200,../master-dynamics/audio/200.mp3,k-pop,0.2267577201128006,-9.643046379089355,2.882279396057129,49,11.311007,6.122404098510742,0.01907925307750702,0.2243167800657924
132,../master-dynamics/audio/132.mp3,reggae,0.2812547981739044,-8.391265869140625,0.8864731788635254,3,4.299983,4.5949625968933105,-0.008965075016021729,0.26437451338628326
173,../master-dynamics/audio/173.mp3,k-pop,0.20701144635677338,-10.258574485778809,4.613276481628418,0,22.790907,3.6831367015838623,-0.013575837016105652,0.1725585174621915
398,../master-dynamics/audio/398.mp3,funk,0.2215624451637268,-10.423657417297363,0.8591461181640625,16,6.2030525,5.783254146575928,0.009351596236228943,0.09157850664483871
453,../master-dynamics/audio/453.mp3,pop,0.33497461676597595,-7.183332920074463,1.0823726654052734,32,5.5797963,3.9273130893707275,-0.0036357343196868896,0.28476900408386535
471,../master-dynamics/audio/471.mp3,pop,0.20533140003681183,-11.208608627319336,7.0024614334106445,0,19.646254,6.261418342590332,0.0020663440227508545,0.28599090436134705
400,../master-dynamics/audio/400.mp3,rhythm and blues,0.06329191476106644,-19.953739166259766,3.174121856689453,0,10.818752,5.701779365539551,8.642673492431641e-07,0.0036572753894926566
544,../master-dynamics/audio/544.mp3,rock,0.21441568434238434,-10.490409851074219,6.224701881408691,0,17.062841,5.637829303741455,0.00430549681186676,0.20147658301693372
555,../master-dynamics/audio/555.mp3,rock,0.2355019897222519,-9.306791305541992,12.911824226379395,16,24.641987,6.342621326446533,-0.009986400604248047,0.3116571523302207
622,../master-dynamics/audio/622.mp3,disco,0.15667220950126648,-12.258130073547363,3.2252025604248047,0,13.461302,6.297735691070557,-0.019939839839935303,0.30742807358551283
25,../master-dynamics/audio/25.mp3,classical,0.06001013144850731,-20.97818946838379,9.4154052734375,0,21.969944,7.672037601470947,-0.005335073918104172,0.04602523898510688
222,../master-dynamics/audio/222.mp3,hip-hop,0.272897869348526,-7.661349296569824,2.9281907081604004,18,11.261126,4.936559677124023,0.0015685856342315674,0.27874264030652185
597,../master-dynamics/audio/597.mp3,soul,0.26253947615623474,-10.854235649108887,2.785778045654297,0,9.535488,4.601897716522217,-0.008538395166397095,0.061743178826844256
396,../master-dynamics/audio/396.mp3,funk,0.23237690329551697,-10.130142211914062,2.3593320846557617,4,47.401802,5.973350524902344,-0.009168148040771484,0.1992619639834676
227,../master-dynamics/audio/227.mp3,hip-hop,0.2773076295852661,-9.826576232910156,2.914379119873047,57,8.473026,5.13663387298584,0.043377846479415894,0.26264729906697476
399,../master-dynamics/audio/399.mp3,funk,0.07343696802854538,-18.729032516479492,4.810426712036133,0,25.27612,7.2089385986328125,-0.0029047876596450806,0.30968529995888944
419,../master-dynamics/audio/419.mp3,rhythm and blues,0.1210678443312645,-14.006633758544922,2.542154312133789,0,13.97714,9.482933044433594,0.024358287453651428,0.4693686744916328
174,../master-dynamics/audio/174.mp3,k-pop,0.40782102942466736,-4.638077735900879,2.3134851455688477,5289,12.335763,3.655988931655884,-0.0012569725513458252,0.274853888170255
328,../master-dynamics/audio/328.mp3,electronic,0.32627466320991516,-6.454236030578613,0.8486003875732422,61,3.8512316,3.8504457473754883,-0.027343809604644775,0.39694835363162045
432,../master-dynamics/audio/432.mp3,pop,0.33758053183555603,-7.966859817504883,2.677645683288574,1238,11.957317,4.278208255767822,0.002713322639465332,0.21784857978271754
178,../master-dynamics/audio/178.mp3,k-pop,0.3508788049221039,-5.782812595367432,1.7035789489746094,1173,14.513479,4.135784149169922,-0.0011128783226013184,0.3269203664149198
499,../master-dynamics/audio/499.mp3,orchestral,0.11182141304016113,-15.159614562988281,7.199068069458008,0,16.343182,9.566679000854492,0.0031704306602478027,0.45692299314576884
93,../master-dynamics/audio/93.mp3,jazz,0.11012236773967743,-15.816751480102539,5.032793045043945,0,17.342106,11.694530487060547,-5.133450031280518e-06,0.0049826640700818435
637,../master-dynamics/audio/637.mp3,disco,0.29485657811164856,-9.43569564819336,1.3784008026123047,0,9.766211,4.341348648071289,-0.001280456781387329,0.2307412015027967
167,../master-dynamics/audio/167.mp3,reggae,0.30805549025535583,-8.050830841064453,1.2708373069763184,515,9.074412,4.634887218475342,-0.002422422170639038,0.2077980345923868
364,../master-dynamics/audio/364.mp3,electronic,0.1113160103559494,-15.84005069732666,2.5075454711914062,0,8.552546,7.271881103515625,0.04462152719497681,0.44392094720750036
211,../master-dynamics/audio/211.mp3,hip-hop,0.25688523054122925,-8.812973022460938,1.386063575744629,923,10.811849,5.623509883880615,-0.0051735639572143555,0.2481255175918742
300,../master-dynamics/audio/300.mp3,country,0.2507409453392029,-12.379557609558105,6.404386520385742,20,13.136566,6.116555213928223,0.0015835762023925781,0.13970941906333267
5,../master-dynamics/audio/5.mp3,classical,0.1937597692012787,-8.275758743286133,13.416132926940918,0,23.960325,6.470218181610107,-0.03560759127140045,0.45864456886579774
155,../master-dynamics/audio/155.mp3,reggae,0.3279406726360321,-7.625141143798828,0.8197321891784668,689,6.5805798,4.40643835067749,-0.007453322410583496,0.20192676597291173
639,../master-dynamics/audio/639.mp3,disco,0.18695132434368134,-12.71953010559082,0.5530920028686523,0,3.3065643,6.321815013885498,0.009136155247688293,0.22163980320156193
56,../master-dynamics/audio/56.mp3,house,0.4409225583076477,-5.179793357849121,2.0455236434936523,13342,3.4248772,3.165174961090088,-0.0012836754322052002,0.17352661755195667
228,../master-dynamics/audio/228.mp3,hip-hop,0.3587731122970581,-7.428269386291504,1.769594669342041,38,6.1871586,3.584892749786377,-0.010030537843704224,0.30414642014231275
404,../master-dynamics/audio/404.mp3,rhythm and blues,0.07396356016397476,-19.831907272338867,2.7124366760253906,0,11.358393,15.130228996276855,-0.006790153682231903,0.22969074983829296
84,../master-dynamics/audio/84.mp3,house,0.08723673969507217,-17.573823928833008,3.2941579818725586,0,11.306402,9.236106872558594,0.005053676664829254,0.45627958898818916
484,../master-dynamics/audio/484.mp3,orchestral,0.07928738743066788,-18.24476432800293,6.96391487121582,0,11.91037,8.379136085510254,-0.01928677409887314,0.42438758456245435
152,../master-dynamics/audio/152.mp3,reggae,0.31531205773353577,-7.777677059173584,1.037313461303711,236,4.331304,4.521110534667969,0.007071495056152344,0.13477668182009922
560,../master-dynamics/audio/560.mp3,rock,0.13690106570720673,-13.700286865234375,5.3455657958984375,0,9.41236,5.643298625946045,0.006315886974334717,0.34995811421808604
536,../master-dynamics/audio/536.mp3,reggaeton,0.18725956976413727,-10.44662094116211,1.8419780731201172,0,6.028841,6.968857288360596,-0.009106501936912537,0.3584621079540989
175,../master-dynamics/audio/175.mp3,k-pop,0.3545415699481964,-5.480637073516846,1.1972007751464844,2331,6.161197,3.921726942062378,0.00701633095741272,0.32183403715969083
614,../master-dynamics/audio/614.mp3,soul,0.3628837764263153,-6.83809757232666,0.6407876014709473,341,2.7546215,3.5569989681243896,0.005398392677307129,0.29945374239400224
379,../master-dynamics/audio/379.mp3,funk,0.31749969720840454,-8.165047645568848,1.5976533889770508,25,5.4709864,4.038088321685791,-0.02265220880508423,0.22136004976208945
367,../master-dynamics/audio/367.mp3,funk,0.3184860050678253,-7.8672895431518555,2.0564146041870117,5007,25.504772,5.8872599601745605,0.00036209821701049805,0.13853234946272072
189,../master-dynamics/audio/189.mp3,k-pop,0.3852434456348419,-5.242250919342041,1.0070252418518066,1633,7.983043,3.6363556385040283,-0.000766068696975708,0.2430043085072014
63,../master-dynamics/audio/63.mp3,house,0.2658993899822235,-8.729416847229004,5.014138698577881,37,10.337345,5.37350606918335,-0.0030098557472229004,0.3382320420952909
47,../master-dynamics/audio/47.mp3,house,0.23721174895763397,-11.30112075805664,1.4050045013427734,4,9.773839,6.206977844238281,0.015032589435577393,0.2747734290764118
293,../master-dynamics/audio/293.mp3,country,0.34733065962791443,-5.566824913024902,0.8488187789916992,321,3.3515773,4.039630889892578,0.01245000958442688,0.31325353957665525
488,../master-dynamics/audio/488.mp3,orchestral,0.08548629283905029,-17.017925262451172,4.992603302001953,0,8.783233,7.502206325531006,0.009004265069961548,0.4610740655731083
462,../master-dynamics/audio/462.mp3,pop,0.33306947350502014,-9.752330780029297,4.766940116882324,682,12.318023,4.408051490783691,0.0023807883262634277,0.1429773940079378
193,../master-dynamics/audio/193.mp3,k-pop,0.33965444564819336,-7.278906345367432,1.4338765144348145,394,5.4514036,4.568971633911133,-0.005359560251235962,0.31315695290923207
395,../master-dynamics/audio/395.mp3,funk,0.25216540694236755,-10.867358207702637,7.691420555114746,40,12.088601,6.027828693389893,0.0013027191162109375,0.13913509346843417
71,../master-dynamics/audio/71.mp3,house,0.4971405863761902,-3.933058977127075,0.8908214569091797,40803,5.102697,3.0834767818450928,-0.0023335814476013184,0.19334048136567747
75,../master-dynamics/audio/75.mp3,house,0.2957368493080139,-8.577319145202637,1.8857760429382324,314,9.914848,5.280887603759766,-0.00016668438911437988,0.0976961444420005
340,../master-dynamics/audio/340.mp3,electronic,0.2220732867717743,-10.471064567565918,2.2608842849731445,2,8.223042,5.9704413414001465,0.007581919431686401,0.13058542436394735
276,../master-dynamics/audio/276.mp3,metal,0.3238091468811035,-5.88743782043457,1.2668304443359375,1591,3.8458943,4.198582649230957,0.008724004030227661,0.36482672927661564
169,../master-dynamics/audio/169.mp3,k-pop,0.34804677963256836,-6.714722633361816,2.2009010314941406,218,6.4468694,3.8186867237091064,0.0014016330242156982,0.2323758626206304
321,../master-dynamics/audio/321.mp3,country,0.27882882952690125,-8.019734382629395,3.6743602752685547,13,9.552685,4.613071441650391,-0.009142845869064331,0.2895756730318595
219,../master-dynamics/audio/219.mp3,hip-hop,0.27321919798851013,-9.34058952331543,3.5539541244506836,31,21.136429,4.965048313140869,-0.0004521012306213379,0.23949124328483476
676,../master-dynamics/audio/676.mp3,motown,0.24717450141906738,-8.174163818359375,3.154578685760498,0,8.472741,5.062074184417725,-0.01254388689994812,0.36867001331202615
356,../master-dynamics/audio/356.mp3,electronic,0.16045749187469482,-14.500577926635742,1.1896867752075195,0,8.655876,7.686971664428711,-0.0026019662618637085,0.19778532984696715
394,../master-dynamics/audio/394.mp3,funk,0.17515233159065247,-13.439516067504883,1.1670875549316406,44,11.177956,8.370885848999023,0.0066282302141189575,0.07492241258109904
242,../master-dynamics/audio/242.mp3,hip-hop,0.25571274757385254,-9.739042282104492,1.5531415939331055,63,9.549318,5.417165279388428,0.001467376947402954,0.23221804613603872
272,../master-dynamics/audio/272.mp3,metal,0.14849227666854858,-12.651468276977539,4.64307975769043,0,9.358441,6.7618560791015625,-0.00360909104347229,0.37994064847628023
615,../master-dynamics/audio/615.mp3,soul,0.14882725477218628,-13.18543815612793,1.3982009887695312,0,7.5254936,6.175136089324951,-0.00010399520397186279,0.0065990307270655255
519,../master-dynamics/audio/519.mp3,reggaeton,0.21262192726135254,-10.108118057250977,2.2289505004882812,1,7.1126213,6.140793800354004,0.0026591718196868896,0.29432257527267774
32,../master-dynamics/audio/32.mp3,classical,0.02654840610921383,-26.275197982788086,12.384969711303711,0,42.703167,21.886343002319336,-0.013778500258922577,0.46712878317652556
241,../master-dynamics/audio/241.mp3,hip-hop,0.3654073476791382,-7.875488758087158,1.8836784362792969,375,7.47127,3.579223871231079,0.0015678107738494873,0.1363688822636997
485,../master-dynamics/audio/485.mp3,orchestral,0.1086222305893898,-14.347153663635254,1.8118371963500977,0,12.446745,6.727614879608154,0.007877528667449951,0.467754544413339
653,../master-dynamics/audio/653.mp3,disco,0.18380454182624817,-12.093124389648438,2.255660057067871,0,7.076129,7.013251304626465,-0.0027702003717422485,0.188108271426021
670,../master-dynamics/audio/670.mp3,motown,0.17538215219974518,-11.488473892211914,0.7360305786132812,0,3.649352,5.064879417419434,-3.0547380447387695e-06,0.0029864607628599105
100,../master-dynamics/audio/100.mp3,jazz,0.2263186275959015,-10.604741096496582,2.209364891052246,0,9.476285,5.68935489654541,0.01958964765071869,0.32838632099489984
498,../master-dynamics/audio/498.mp3,orchestral,0.04749473184347153,-24.06755828857422,2.127195358276367,0,15.130104,11.481367111206055,0.0004468001425266266,0.3220258818430689
650,../master-dynamics/audio/650.mp3,disco,0.1925564557313919,-10.725179672241211,1.0276403427124023,0,7.7915,6.239503860473633,-0.003639787435531616,0.29040978166186654
305,../master-dynamics/audio/305.mp3,country,0.06765579432249069,-20.89537239074707,9.726598739624023,0,18.639278,17.63488006591797,-0.001789577305316925,0.11745308639638645
128,../master-dynamics/audio/128.mp3,jazz,0.12235908955335617,-14.169547080993652,4.085709571838379,0,13.848753,7.833553791046143,0.010368987917900085,0.4450207933595532
542,../master-dynamics/audio/542.mp3,reggaeton,0.38466715812683105,-6.253814697265625,0.9940600395202637,5567,11.148474,3.930767059326172,0.0014183521270751953,0.22464809494343985
182,../master-dynamics/audio/182.mp3,k-pop,0.29501229524612427,-7.7043657302856445,2.8256325721740723,94,18.562458,4.700323581695557,0.00022143125534057617,0.3396161910507365
490,../master-dynamics/audio/490.mp3,orchestral,0.13466516137123108,-11.999407768249512,5.929804801940918,0,14.603705,8.330849647521973,-0.002671748399734497,0.4711176481965674
67,../master-dynamics/audio/67.mp3,house,0.34100741147994995,-7.979718208312988,4.111410140991211,441,8.3234215,3.9309468269348145,0.01878836750984192,0.2582359363649259
641,../master-dynamics/audio/641.mp3,disco,0.17911088466644287,-11.849467277526855,0.9941997528076172,182,6.823676,8.500543594360352,0.006236538290977478,0.2717844736290125
40,../master-dynamics/audio/40.mp3,classical,0.06530790776014328,-18.554616928100586,15.965411186218262,0,38.25827,11.525629043579102,0.013120956718921661,0.44318273315382434
244,../master-dynamics/audio/244.mp3,hip-hop,0.37233269214630127,-6.7481584548950195,1.4337658882141113,1957,5.6323624,3.70680832862854,0.0003794431686401367,0.21487443322108563
583,../master-dynamics/audio/583.mp3,soul,0.1504572033882141,-11.991495132446289,2.1725683212280273,5,6.635105,9.328369140625,-0.009210333228111267,0.3776065434307644
359,../master-dynamics/audio/359.mp3,electronic,0.31461814045906067,-6.040656089782715,1.2395482063293457,419,7.930304,4.5626912117004395,0.0006742179393768311,0.3507805106249727
54,../master-dynamics/audio/54.mp3,house,0.3370635211467743,-7.954924583435059,3.626864433288574,0,12.995874,3.8576064109802246,-0.00494915246963501,0.22871019921883737
411,../master-dynamics/audio/411.mp3,rhythm and blues,0.160081148147583,-12.996283531188965,2.3256006240844727,0,8.414574,7.687653064727783,-0.002992376685142517,0.07172056018579484
480,../master-dynamics/audio/480.mp3,orchestral,0.04508338123559952,-23.008214950561523,10.699016571044922,0,26.882446,23.342660903930664,0.0020837225019931793,0.442259554779763
3,../master-dynamics/audio/3.mp3,classical,0.07347625494003296,-18.401670455932617,5.932737350463867,0,15.992395,11.289985656738281,0.013050340116024017,0.37998112834189673
206,../master-dynamics/audio/206.mp3,k-pop,0.27820074558258057,-8.241202354431152,2.004746437072754,28,11.196309,4.720398426055908,-0.00579109787940979,0.3396130139892983
68,../master-dynamics/audio/68.mp3,house,0.26889610290527344,-9.427210807800293,1.8487920761108398,17,6.7584133,5.082073211669922,0.0065666139125823975,0.3071948927969164
158,../master-dynamics/audio/158.mp3,reggae,0.27365627884864807,-9.34756851196289,0.8808126449584961,166,7.9041295,5.236364841461182,-0.000867307186126709,0.15479100683716457
139,../master-dynamics/audio/139.mp3,reggae,0.27116870880126953,-9.337242126464844,1.654067039489746,181,7.757316,5.230820178985596,0.0048551857471466064,0.22802061966355308
37,../master-dynamics/audio/37.mp3,classical,0.09998401999473572,-13.717032432556152,4.727739334106445,0,10.272359,9.078579902648926,-0.039624735713005066,0.4915440276687863
382,../master-dynamics/audio/382.mp3,funk,0.22250868380069733,-11.617290496826172,6.819513320922852,620,13.272452,7.658751964569092,6.16908073425293e-06,0.0609701854133053
669,../master-dynamics/audio/669.mp3,motown,0.200105682015419,-11.375205993652344,2.2757816314697266,0,9.310711,5.906562805175781,0.013602331280708313,0.32666147173856686
251,../master-dynamics/audio/251.mp3,hip-hop,0.3242771029472351,-8.970317840576172,1.78607177734375,259,9.787905,4.249320983886719,0.0022815465927124023,0.1867666596861123
448,../master-dynamics/audio/448.mp3,pop,0.2506757974624634,-7.00685977935791,1.2618932723999023,49,5.2197137,6.1194000244140625,0.0017066597938537598,0.3062865272778075
136,../master-dynamics/audio/136.mp3,reggae,0.26904407143592834,-9.29038143157959,2.3003406524658203,9,15.579205,4.83223819732666,-0.005003303289413452,0.1618652661176748
463,../master-dynamics/audio/463.mp3,pop,0.3066678047180176,-6.648745536804199,1.1559972763061523,614,8.556307,4.355981349945068,0.0002949237823486328,0.3831213766676668
145,../master-dynamics/audio/145.mp3,reggae,0.20364946126937866,-11.600440979003906,1.6276845932006836,0,9.224891,5.6205573081970215,-1.0281801223754883e-06,0.0013873003079514386
7,../master-dynamics/audio/7.mp3,classical,0.044409677386283875,-22.95429039001465,11.193292617797852,0,21.812119,20.76644515991211,0.005153842270374298,0.3779886757637178
421,../master-dynamics/audio/421.mp3,rhythm and blues,0.05607723444700241,-21.065824508666992,4.345760345458984,0,12.921219,8.282580375671387,-0.003460817039012909,0.25815998501654447
318,../master-dynamics/audio/318.mp3,country,0.36798450350761414,-5.4841389656066895,0.9490418434143066,366,3.801159,3.474496364593506,-0.026064664125442505,0.29381527211196634
531,../master-dynamics/audio/531.mp3,reggaeton,0.3106561303138733,-7.676436424255371,1.4455084800720215,612,8.353243,4.555527687072754,-0.0013651549816131592,0.21130275116296468
103,../master-dynamics/audio/103.mp3,jazz,0.2036070078611374,-10.477523803710938,2.897414207458496,5,8.0658655,6.325325012207031,0.001593068242073059,0.25593192894137673
375,../master-dynamics/audio/375.mp3,funk,0.22786615788936615,-10.993200302124023,1.0885066986083984,91,7.836321,6.259062767028809,-0.0012575089931488037,0.15709249259290764
377,../master-dynamics/audio/377.mp3,funk,0.31636860966682434,-7.06113862991333,2.4145641326904297,13902,11.718576,6.280820369720459,-0.0027593374252319336,0.20613808526261918
588,../master-dynamics/audio/588.mp3,soul,0.21003074944019318,-13.512316703796387,3.483541488647461,0,13.948311,6.345107555389404,-0.0013600587844848633,0.20736964637120145
602,../master-dynamics/audio/602.mp3,soul,0.2314474880695343,-11.47220230102539,1.0224781036376953,7,11.120901,6.094596862792969,0.024939149618148804,0.17804336122570874
528,../master-dynamics/audio/528.mp3,reggaeton,0.32833757996559143,-8.196702003479004,1.470308780670166,664,8.909151,4.4256768226623535,-0.011236816644668579,0.17634953753337942
461,../master-dynamics/audio/461.mp3,pop,0.17898418009281158,-11.276008605957031,2.5027847290039062,0,6.8010645,7.306240558624268,-0.00613364577293396,0.2641742631192347
631,../master-dynamics/audio/631.mp3,disco,0.28748688101768494,-8.341565132141113,0.9383959770202637,12,10.402056,4.546154975891113,-0.0010509788990020752,0.17081003374604675
521,../master-dynamics/audio/521.mp3,reggaeton,0.26446300745010376,-9.010436058044434,1.0511932373046875,0,4.0716558,4.989279270172119,-0.0019467175006866455,0.29544155774800906
501,../master-dynamics/audio/501.mp3,orchestral,0.1351323127746582,-12.398664474487305,4.966740608215332,0,15.351538,7.949271202087402,-0.0064496248960494995,0.46851621009156125
65,../master-dynamics/audio/65.mp3,house,0.2960692048072815,-8.5650634765625,1.6143064498901367,7,5.8858066,4.595390319824219,-0.009052067995071411,0.23735276551348736
70,../master-dynamics/audio/70.mp3,house,0.28357967734336853,-9.287214279174805,1.840764045715332,0,4.767442,4.489396095275879,-0.015707820653915405,0.2406956880237241
496,../master-dynamics/audio/496.mp3,orchestral,0.14579741656780243,-12.545089721679688,6.409730911254883,0,15.615973,6.956160068511963,0.009024083614349365,0.3895270938551532
594,../master-dynamics/audio/594.mp3,soul,0.21884140372276306,-13.260610580444336,1.4346694946289062,1439,8.823242,7.081709861755371,-0.002429857850074768,0.1423927356765996
58,../master-dynamics/audio/58.mp3,house,0.42723554372787476,-6.235785961151123,0.7720427513122559,716,3.989985,3.1422882080078125,0.0029442906379699707,0.2312929908209588
302,../master-dynamics/audio/302.mp3,country,0.30975592136383057,-7.419602394104004,1.8243284225463867,232,9.274637,4.180530071258545,0.012447625398635864,0.25618601364281396
348,../master-dynamics/audio/348.mp3,electronic,0.18599927425384521,-13.558331489562988,1.1147823333740234,0,9.431223,6.212673187255859,-0.0001763850450515747,0.1251969465886765
570,../master-dynamics/audio/570.mp3,rock,0.14337512850761414,-13.32160758972168,1.6578216552734375,0,6.5019207,8.013178825378418,0.010830551385879517,0.3044253832419273
593,../master-dynamics/audio/593.mp3,soul,0.2903202772140503,-8.31226921081543,2.6157655715942383,1669,7.0214477,4.918395519256592,0.004620373249053955,0.2406281895362696
415,../master-dynamics/audio/415.mp3,rhythm and blues,0.12517985701560974,-13.284980773925781,2.417109489440918,0,11.120738,7.9066996574401855,0.02513781189918518,0.47394599440941365
534,../master-dynamics/audio/534.mp3,reggaeton,0.28889670968055725,-8.012714385986328,6.059340953826904,351,11.50161,4.9548420906066895,0.012514948844909668,0.25525790615009086
595,../master-dynamics/audio/595.mp3,soul,0.22543863952159882,-10.157343864440918,1.8898887634277344,5,7.3706317,5.813528537750244,0.0023098886013031006,0.1270998628588238
481,../master-dynamics/audio/481.mp3,orchestral,0.012968671508133411,-32.45090103149414,16.343896865844727,0,32.416237,13.7880220413208,0.0008028801530599594,0.4197062445349445
108,../master-dynamics/audio/108.mp3,jazz,0.1052079051733017,-16.13239288330078,6.249086380004883,0,20.906767,13.043731689453125,0.019308321177959442,0.23245956410526442
283,../master-dynamics/audio/283.mp3,metal,0.2771517336368561,-6.572741508483887,0.48608875274658203,34,2.9989328,4.825715065002441,-0.01117318868637085,0.3721557855563887
223,../master-dynamics/audio/223.mp3,hip-hop,0.31686362624168396,-7.811374664306641,1.7551541328430176,60,6.445307,4.141261577606201,0.004937797784805298,0.28966879999589673
618,../master-dynamics/audio/618.mp3,soul,0.2578887641429901,-9.736859321594238,2.42996883392334,86,17.153648,5.4264326095581055,0.003491908311843872,0.17228276692281205
59,../master-dynamics/audio/59.mp3,house,0.3400545120239258,-7.449105739593506,1.749946117401123,27,9.415545,3.8859424591064453,7.236003875732422e-05,0.17024355923301454
426,../master-dynamics/audio/426.mp3,rhythm and blues,0.03552883118391037,-24.723905563354492,0.9966487884521484,0,7.1862736,7.196095943450928,-0.035721899941563606,0.6313855979276797
118,../master-dynamics/audio/118.mp3,jazz,0.169251948595047,-12.21818733215332,3.9501113891601562,34,14.17577,8.34752082824707,0.0011214017868041992,0.25555198933988843
255,../master-dynamics/audio/255.mp3,metal,0.1618388295173645,-12.264991760253906,1.3479032516479492,0,9.936998,4.717414379119873,0.005756184458732605,0.37024790129534046
308,../master-dynamics/audio/308.mp3,country,0.073264941573143,-20.32411766052246,7.318147659301758,0,11.455692,8.410740852355957,0.0058328211307525635,0.10410135456108283
137,../master-dynamics/audio/137.mp3,reggae,0.24921667575836182,-9.124695777893066,2.8319849967956543,430,9.329803,5.864866733551025,-0.0029578208923339844,0.2631902479156571
177,../master-dynamics/audio/177.mp3,k-pop,0.23890641331672668,-9.350570678710938,1.7822456359863281,79,9.926346,6.348963260650635,-0.003450155258178711,0.31385708559314657
353,../master-dynamics/audio/353.mp3,electronic,0.2675337493419647,-10.35107421875,2.821165084838867,0,13.64333,5.038481712341309,-0.00098380446434021,0.1929196929890914
381,../master-dynamics/audio/381.mp3,funk,0.1930241733789444,-12.250431060791016,3.19242000579834,4,11.17574,7.136389255523682,-0.0009984970092773438,0.19224250069813684
350,../master-dynamics/audio/350.mp3,electronic,0.4211314916610718,-7.440014362335205,1.7249212265014648,356,4.624119,3.1439027786254883,0.007146924734115601,0.17452030686926687
130,../master-dynamics/audio/130.mp3,reggae,0.2776101231575012,-8.754152297973633,2.407792091369629,41,9.635153,5.080217361450195,0.0026994645595550537,0.2072116428458529
72,../master-dynamics/audio/72.mp3,house,0.3572230339050293,-6.4092206954956055,1.6843819618225098,412,8.058643,4.011651992797852,-0.00037977099418640137,0.28811584971996373
620,../master-dynamics/audio/620.mp3,soul,0.17997927963733673,-10.296814918518066,2.2657833099365234,0,9.367698,6.269187927246094,-0.0074703991413116455,0.39218136697372696
409,../master-dynamics/audio/409.mp3,rhythm and blues,0.18707939982414246,-10.970758438110352,3.8908891677856445,0,10.579446,5.192990779876709,-0.00034408271312713623,0.052236744890963034
102,../master-dynamics/audio/102.mp3,jazz,0.13782362639904022,-15.090103149414062,3.65828800201416,0,10.629455,7.693222999572754,-0.00871594250202179,0.24390086169498743
51,../master-dynamics/audio/51.mp3,house,0.25878670811653137,-8.78819465637207,1.7118372917175293,26,6.069095,5.119302749633789,-0.0014174878597259521,0.28619088148036737
154,../master-dynamics/audio/154.mp3,reggae,0.2566726505756378,-8.720929145812988,1.3422527313232422,89,5.802721,5.371700286865234,-0.0024005472660064697,0.11901546452493465
413,../master-dynamics/audio/413.mp3,rhythm and blues,0.16922783851623535,-13.2719144821167,2.4386978149414062,0,14.6085615,6.806264400482178,-0.004742294549942017,0.09317649982096893
603,../master-dynamics/audio/603.mp3,soul,0.2656433880329132,-9.457292556762695,4.527326583862305,32,15.0608425,5.2795281410217285,0.011097908020019531,0.16198649473673019
194,../master-dynamics/audio/194.mp3,k-pop,0.3526914119720459,-5.939085960388184,0.9838495254516602,72,3.0498161,3.775747776031494,-0.03001081943511963,0.3240781745512041
445,../master-dynamics/audio/445.mp3,pop,0.33141908049583435,-7.698600769042969,0.8626079559326172,1051,5.3229375,4.498119354248047,-0.005431801080703735,0.22461456065878269
94,../master-dynamics/audio/94.mp3,jazz,0.04501913860440254,-25.279951095581055,4.618999481201172,0,23.060928,8.931285858154297,-0.000794634222984314,0.28361903894751017
126,../master-dynamics/audio/126.mp3,jazz,0.07359781116247177,-16.413684844970703,1.4336004257202148,0,7.221115,9.47390079498291,0.0010334476828575134,0.5371952363634956
599,../master-dynamics/audio/599.mp3,soul,0.2518165111541748,-10.799423217773438,0.7102260589599609,0,9.480487,4.981576442718506,-0.036229297518730164,0.20536042238830418
258,../master-dynamics/audio/258.mp3,metal,0.33617156744003296,-6.7744598388671875,1.3586435317993164,147,4.27118,3.863036870956421,0.005668044090270996,0.31538746723447564
598,../master-dynamics/audio/598.mp3,soul,0.42947277426719666,-4.556253433227539,1.0474092960357666,1862,5.087823,3.0184121131896973,-0.002478092908859253,0.2591565748106428
384,../master-dynamics/audio/384.mp3,funk,0.6015914082527161,-1.953740119934082,2.457882881164551,70300,7.5980988,2.204028844833374,-6.61015510559082e-05,0.07043949356128724
285,../master-dynamics/audio/285.mp3,metal,0.29792988300323486,-9.383872985839844,2.846968650817871,538,14.508212,4.798746109008789,0.005722999572753906,0.18773121041195082
218,../master-dynamics/audio/218.mp3,hip-hop,0.3423045873641968,-8.287016868591309,1.2654476165771484,1158,9.878856,4.235496520996094,0.0026440322399139404,0.11313931212610778
195,../master-dynamics/audio/195.mp3,k-pop,0.34385690093040466,-5.240945339202881,1.2769122123718262,1174,6.9230785,4.2107744216918945,0.0008637905120849609,0.38834561818432756
106,../master-dynamics/audio/106.mp3,jazz,0.0990828201174736,-17.255125045776367,5.899177551269531,0,23.590937,12.557024002075195,-0.03106638789176941,0.3805330202119221
99,../master-dynamics/audio/99.mp3,jazz,0.1863391399383545,-13.74345874786377,1.0686416625976562,11,10.622383,8.23298454284668,-0.0025134384632110596,0.14750166826698857
674,../master-dynamics/audio/674.mp3,motown,0.17005017399787903,-11.504507064819336,2.451366424560547,0,6.7312603,6.836621284484863,-0.0026634186506271362,0.28625017877760633
562,../master-dynamics/audio/562.mp3,rock,0.23682434856891632,-9.399833679199219,2.424452781677246,2,6.5195823,5.524831771850586,-0.029010921716690063,0.2826211172734558
53,../master-dynamics/audio/53.mp3,house,0.29896894097328186,-8.780247688293457,0.9588222503662109,86,6.737231,4.718204498291016,-0.0002696812152862549,0.058473150992606374
386,../master-dynamics/audio/386.mp3,funk,0.1998070925474167,-12.383213996887207,1.0726594924926758,0,5.609762,7.163503170013428,0.004898726940155029,0.17199289415963986
268,../master-dynamics/audio/268.mp3,metal,0.28436478972435,-6.686135768890381,1.043724536895752,54,3.7307138,4.5478596687316895,0.0014306604862213135,0.3948484709119535
545,../master-dynamics/audio/545.mp3,rock,0.25504592061042786,-9.623802185058594,3.574136734008789,0,7.53863,5.202875137329102,-0.001569122076034546,0.25239459931427805
294,../master-dynamics/audio/294.mp3,country,0.3041355013847351,-6.86242151260376,1.497541904449463,38,5.4026976,4.5234293937683105,-0.00556337833404541,0.2869391946942868
442,../master-dynamics/audio/442.mp3,pop,0.31441429257392883,-8.380648612976074,4.4574103355407715,1714,12.748953,4.639887809753418,-0.0006920695304870605,0.21587101515056906
162,../master-dynamics/audio/162.mp3,reggae,0.26374611258506775,-8.6314115524292,1.8851661682128906,91,22.358341,5.284909248352051,0.012856006622314453,0.20953999775533033
22,../master-dynamics/audio/22.mp3,classical,0.057394254952669144,-22.278770446777344,4.358037948608398,0,20.775238,7.694788932800293,1.1920928955078125e-07,0.0001528079006375525
351,../master-dynamics/audio/351.mp3,electronic,0.49467021226882935,-4.6363372802734375,1.1339495182037354,9775,4.864715,2.7596991062164307,-0.0026647448539733887,0.19523952289827742
30,../master-dynamics/audio/30.mp3,classical,0.14048747718334198,-11.289018630981445,4.481586456298828,0,11.486313,7.234288215637207,0.02161748707294464,0.4714314623069787
437,../master-dynamics/audio/437.mp3,pop,0.306400328874588,-7.3739423751831055,4.820254325866699,362,12.056982,4.747318267822266,0.0032562613487243652,0.29639694467739564
259,../master-dynamics/audio/259.mp3,metal,0.0587538406252861,-24.4727783203125,1.4877796173095703,0,4.7587204,5.352822303771973,0.005617000162601471,0.47105005217280216
589,../master-dynamics/audio/589.mp3,soul,0.06481951475143433,-21.364368438720703,4.619289398193359,0,12.303856,8.174942016601562,-0.011075206100940704,0.2685724485322548
18,../master-dynamics/audio/18.mp3,classical,0.07210531085729599,-19.282878875732422,9.501766204833984,0,17.15731,15.25270938873291,-0.0012302398681640625,0.30493749057095376
34,../master-dynamics/audio/34.mp3,classical,0.2478473037481308,-8.727598190307617,0.9529075622558594,13,3.6512957,5.2095417976379395,0.005142003297805786,0.30689056355448713
298,../master-dynamics/audio/298.mp3,country,0.14400406181812286,-13.9324951171875,2.113903045654297,0,10.918076,8.466780662536621,0.018921121954917908,0.31443213627874145
33,../master-dynamics/audio/33.mp3,classical,0.044942498207092285,-20.18378448486328,13.57619857788086,0,30.508148,12.108208656311035,-0.00949988141655922,0.46886271163782134
23,../master-dynamics/audio/23.mp3,classical,0.2787396013736725,-6.137579441070557,0.6742153167724609,7,1.6774755,4.527424335479736,-0.013332605361938477,0.37416072701155345
92,../master-dynamics/audio/92.mp3,jazz,0.1916470229625702,-11.633682250976562,5.032912254333496,0,28.855867,7.003398895263672,0.02802698314189911,0.2806946016287414
380,../master-dynamics/audio/380.mp3,funk,0.20340220630168915,-10.346918106079102,1.5423240661621094,65,8.191986,7.304798126220703,0.008579522371292114,0.1991816363024167
16,../master-dynamics/audio/16.mp3,classical,0.11573456227779388,-14.169309616088867,10.143962860107422,0,22.693378,9.489477157592773,0.03150133788585663,0.3636492058890255
342,../master-dynamics/audio/342.mp3,electronic,0.37990492582321167,-6.608341693878174,2.4182329177856445,546,11.671656,3.758342742919922,0.0012159645557403564,0.19691945706556016
161,../master-dynamics/audio/161.mp3,reggae,0.22982415556907654,-9.913639068603516,2.5904884338378906,79,7.931238,5.793900966644287,-0.02001287043094635,0.26741738447656743
508,../master-dynamics/audio/508.mp3,reggaeton,0.24149759113788605,-8.827282905578613,1.2366714477539062,262,7.7606754,6.031935691833496,0.014716744422912598,0.33953163749882653
401,../master-dynamics/audio/401.mp3,rhythm and blues,0.09282980114221573,-17.337244033813477,4.965322494506836,0,14.536129,7.155811786651611,5.21540641784668e-08,9.431746751688283e-05
336,../master-dynamics/audio/336.mp3,electronic,0.20508724451065063,-8.986055374145508,10.239147186279297,0,15.522661,6.462347030639648,0.016884416341781616,0.4224953153375717
124,../master-dynamics/audio/124.mp3,jazz,0.09396933019161224,-17.905073165893555,2.164907455444336,0,12.938082,7.737628936767578,2.3096799850463867e-07,0.0025523981083025765
57,../master-dynamics/audio/57.mp3,house,0.33315566182136536,-7.919877052307129,2.01267147064209,11,6.7357054,3.929213762283325,0.000691533088684082,0.25676182544260906
455,../master-dynamics/audio/455.mp3,pop,0.36238422989845276,-8.05866527557373,1.4401888847351074,12,9.825986,3.4924206733703613,0.006441265344619751,0.18850814155512546
420,../master-dynamics/audio/420.mp3,rhythm and blues,0.13328427076339722,-14.065954208374023,3.3662166595458984,0,12.24408,7.3091721534729,-0.0038663893938064575,0.021452820158601445
587,../master-dynamics/audio/587.mp3,soul,0.2363201081752777,-10.904608726501465,12.04652214050293,0,15.65208,6.236553192138672,-0.0031063705682754517,0.19940456443173235
60,../master-dynamics/audio/60.mp3,house,0.28395214676856995,-7.738447666168213,4.257541656494141,654,11.247578,5.091133117675781,-0.010441392660140991,0.3137990881703076
392,../master-dynamics/audio/392.mp3,funk,0.2332850843667984,-9.793468475341797,2.2106103897094727,1,5.8144865,5.753978729248047,-0.004601806402206421,0.15218850423081395
304,../master-dynamics/audio/304.mp3,country,0.1982051581144333,-10.552022933959961,1.8870344161987305,9,6.1394873,6.534223556518555,0.007503196597099304,0.3216992416699524
190,../master-dynamics/audio/190.mp3,k-pop,0.3906382620334625,-6.31971549987793,1.2965278625488281,2758,5.3743057,3.7492687702178955,0.00877872109413147,0.1602886289440288
389,../master-dynamics/audio/389.mp3,funk,0.16883262991905212,-11.455803871154785,2.5356578826904297,0,7.371806,7.746577739715576,0.05300837755203247,0.3094265775159341
478,../master-dynamics/audio/478.mp3,orchestral,0.03050639107823372,-25.789464950561523,14.53382682800293,0,25.522474,11.844223022460938,1.306086778640747e-05,0.14607835896453397
358,../master-dynamics/audio/358.mp3,electronic,0.30108973383903503,-8.642450332641602,1.9223947525024414,17,4.817536,4.2927656173706055,-0.0032946765422821045,0.2053699765423736
199,../master-dynamics/audio/199.mp3,k-pop,0.3073084056377411,-7.677586555480957,0.6520977020263672,23,4.1946535,4.155276775360107,-0.000353008508682251,0.21598063808048926
191,../master-dynamics/audio/191.mp3,k-pop,0.33182814717292786,-6.221796989440918,1.1922054290771484,31,6.2069454,4.334915637969971,0.021600276231765747,0.370212926475079
634,../master-dynamics/audio/634.mp3,disco,0.18747693300247192,-11.271400451660156,1.700749397277832,3,7.778982,7.22947883605957,-0.008477896451950073,0.2955163654042304
619,../master-dynamics/audio/619.mp3,soul,0.10076794773340225,-15.52934455871582,3.3855276107788086,0,14.49784,9.684402465820312,0.0003751814365386963,0.2843514862568346
347,../master-dynamics/audio/347.mp3,electronic,0.3455395996570587,-8.350884437561035,2.1683053970336914,66,4.7996316,3.6032555103302,-0.012666285037994385,0.253059765091314
535,../master-dynamics/audio/535.mp3,reggaeton,0.2608957886695862,-9.979015350341797,1.5039081573486328,5,7.4958982,5.150051593780518,0.00353047251701355,0.15440625186226037
271,../master-dynamics/audio/271.mp3,metal,0.3547728359699249,-4.772032737731934,0.7977681159973145,37,4.768173,3.4740755558013916,0.0212099552154541,0.3370333382374624
307,../master-dynamics/audio/307.mp3,country,0.28913456201553345,-7.006461143493652,1.4385151863098145,206,3.8735323,4.580325603485107,-0.006955593824386597,0.32765186243321
253,../master-dynamics/audio/253.mp3,metal,0.2758743464946747,-8.779455184936523,4.068926811218262,12,6.094733,4.647192478179932,0.020065665245056152,0.28836599736443885
327,../master-dynamics/audio/327.mp3,electronic,0.15258696675300598,-12.472850799560547,8.255250930786133,0,19.483599,7.819957733154297,-0.09249330312013626,0.44082431689165774
465,../master-dynamics/audio/465.mp3,pop,0.32856807112693787,-7.693624496459961,3.1614246368408203,176,7.590229,4.099822521209717,-0.012429803609848022,0.3017834973037993
678,../master-dynamics/audio/678.mp3,motown,0.03575778380036354,-23.849445343017578,3.751607894897461,0,9.744612,6.036768913269043,-0.0072152502834796906,0.420986476932824
497,../master-dynamics/audio/497.mp3,orchestral,0.04263048619031906,-21.498645782470703,10.80167007446289,0,17.643805,8.195135116577148,0.000939149409532547,0.46827163962861656
287,../master-dynamics/audio/287.mp3,metal,0.2652609646320343,-7.688473701477051,0.8520345687866211,6,4.650029,4.80314302444458,0.007961690425872803,0.3910658699361575
203,../master-dynamics/audio/203.mp3,k-pop,0.32779884338378906,-6.388226509094238,2.661609172821045,1222,25.144949,4.498239517211914,0.0019876062870025635,0.35686671422371
403,../master-dynamics/audio/403.mp3,rhythm and blues,0.16904893517494202,-11.494494438171387,2.4183578491210938,0,11.782465,7.089519023895264,-0.018267765641212463,0.06174362363941063
362,../master-dynamics/audio/362.mp3,electronic,0.14891648292541504,-13.596274375915527,3.7163009643554688,0,39.81039,5.717844009399414,0.009768441319465637,0.272681076239449
320,../master-dynamics/audio/320.mp3,country,0.29379382729530334,-7.481902599334717,1.057408332824707,569,4.7140093,4.648157596588135,-0.010748028755187988,0.2875220016881933
144,../master-dynamics/audio/144.mp3,reggae,0.27034831047058105,-9.003833770751953,2.207094669342041,4616,9.006036,5.252434730529785,0.009492814540863037,0.08090429601029572
451,../master-dynamics/audio/451.mp3,pop,0.26409873366355896,-8.019721984863281,1.178192138671875,37,8.1977215,5.033259391784668,-0.0014629364013671875,0.35861252381764236
217,../master-dynamics/audio/217.mp3,hip-hop,0.3854078948497772,-6.940567970275879,2.359945297241211,320,11.6850605,3.5086491107940674,0.010677993297576904,0.2789573572837362
408,../master-dynamics/audio/408.mp3,rhythm and blues,0.1771068572998047,-12.288186073303223,2.7548513412475586,0,8.82655,6.928530693054199,-0.027027040719985962,0.27200095315086203
479,../master-dynamics/audio/479.mp3,orchestral,0.06819220632314682,-18.177183151245117,12.431670188903809,0,19.85394,9.79339599609375,-0.00411725789308548,0.4354370165014495
655,../master-dynamics/audio/655.mp3,disco,0.22963847219944,-9.319450378417969,1.6620540618896484,4,4.8556995,5.732180595397949,0.00036315619945526123,0.29107098912360047
576,../master-dynamics/audio/576.mp3,rock,0.3047410845756531,-5.056197166442871,1.1785879135131836,149,2.594154,4.208708763122559,0.0025731027126312256,0.3960456539775399
474,../master-dynamics/audio/474.mp3,orchestral,0.22745242714881897,-10.838483810424805,1.5088834762573242,0,6.4443827,5.377252578735352,0.0032112598419189453,0.3306335182097421
654,../master-dynamics/audio/654.mp3,disco,0.08991391956806183,-16.834917068481445,5.829063415527344,0,32.31168,7.789863109588623,0.001430511474609375,0.2747287297559322
306,../master-dynamics/audio/306.mp3,country,0.18062688410282135,-10.952325820922852,2.401163101196289,2,6.837762,7.313436031341553,-0.007068738341331482,0.29027731249679944
556,../master-dynamics/audio/556.mp3,rock,0.21973833441734314,-9.599884033203125,3.7205352783203125,13,12.501502,6.395536422729492,-0.028492078185081482,0.31453217945519
147,../master-dynamics/audio/147.mp3,reggae,0.3800763189792633,-6.71876335144043,0.830012321472168,394,4.844762,3.6158289909362793,0.009628713130950928,0.23267045933551864
303,../master-dynamics/audio/303.mp3,country,0.2213105857372284,-10.346074104309082,2.130671501159668,3,9.194345,6.073851585388184,0.012173742055892944,0.3048127147977878
341,../master-dynamics/audio/341.mp3,electronic,0.4364607632160187,-6.457826137542725,2.925710678100586,1358,8.895487,3.1276373863220215,0.010728061199188232,0.23672298476771134
513,../master-dynamics/audio/513.mp3,reggaeton,0.3497401773929596,-6.863003730773926,0.4254722595214844,1088,4.9702606,4.237940788269043,-0.00887182354927063,0.22265854071954605
122,../master-dynamics/audio/122.mp3,jazz,0.12235908955335617,-14.169547080993652,4.085709571838379,0,13.848753,7.833553791046143,0.010368987917900085,0.4450207933595532
405,../master-dynamics/audio/405.mp3,rhythm and blues,0.24757318198680878,-8.479057312011719,5.494777679443359,0,23.154167,5.434387683868408,7.450580596923828e-08,0.0007962847677505386
434,../master-dynamics/audio/434.mp3,pop,0.2169971615076065,-9.873760223388672,2.176485061645508,0,13.488775,6.043909072875977,0.006053239107131958,0.33602001982160556
263,../master-dynamics/audio/263.mp3,metal,0.2814326584339142,-7.003584861755371,0.8488368988037109,5,1.9148912,4.450881481170654,0.013482838869094849,0.41319488749791594
330,../master-dynamics/audio/330.mp3,electronic,0.3176601529121399,-9.26364517211914,3.6053390502929688,0,13.245378,3.8044934272766113,0.0012772679328918457,0.223069322615529
410,../master-dynamics/audio/410.mp3,rhythm and blues,0.06827877461910248,-18.671846389770508,6.579419136047363,0,24.202835,16.57708168029785,-0.019150875508785248,0.3452993880391176
97,../master-dynamics/audio/97.mp3,jazz,0.24180768430233002,-10.460556030273438,2.358684539794922,4,9.909907,5.691252708435059,0.011148050427436829,0.2679981387868161
172,../master-dynamics/audio/172.mp3,k-pop,0.28199073672294617,-9.995524406433105,1.7903642654418945,17,6.3154974,4.8906474113464355,-0.010841846466064453,0.18991887332860444
185,../master-dynamics/audio/185.mp3,k-pop,0.37135204672813416,-6.647367477416992,1.4140982627868652,359,21.251709,3.6491689682006836,0.0018669068813323975,0.11952781093598057
316,../master-dynamics/audio/316.mp3,country,0.27551335096359253,-8.321598052978516,5.577311038970947,44,9.002369,4.825128078460693,0.002341926097869873,0.31466422208693523
267,../master-dynamics/audio/267.mp3,metal,0.3249542713165283,-6.134652137756348,1.7740545272827148,781,5.860053,4.172684669494629,0.0038713812828063965,0.34643185015631833
612,../master-dynamics/audio/612.mp3,soul,0.17841173708438873,-11.852535247802734,7.011519432067871,0,20.367764,7.650594234466553,-0.002342134714126587,0.2623552985274238
116,../master-dynamics/audio/116.mp3,jazz,0.16318340599536896,-13.889479637145996,1.4856758117675781,0,4.944845,6.505790710449219,0.007309511303901672,0.20453931393817573
10,../master-dynamics/audio/10.mp3,classical,0.031293947249650955,-25.541547775268555,4.565526962280273,0,23.61017,12.267943382263184,-0.007182616740465164,0.39638076018022317
246,../master-dynamics/audio/246.mp3,hip-hop,0.225894033908844,-9.710451126098633,4.405739784240723,9,44.844604,6.214132785797119,-0.0012694448232650757,0.21856910913570282
425,../master-dynamics/audio/425.mp3,rhythm and blues,0.1766759157180786,-12.880135536193848,0.96502685546875,0,5.3898363,7.121405124664307,0.002524256706237793,0.20727840724817187
138,../master-dynamics/audio/138.mp3,reggae,0.22756551206111908,-10.639740943908691,2.274454116821289,31,7.7555714,5.966374397277832,0.0038309246301651,0.15523196469145406
446,../master-dynamics/audio/446.mp3,pop,0.214227095246315,-9.603168487548828,1.8994674682617188,192,8.556732,6.538498878479004,-0.0014302730560302734,0.3145430774549473
611,../master-dynamics/audio/611.mp3,soul,0.17419469356536865,-13.036767959594727,1.5468626022338867,0,11.329037,8.954160690307617,-0.002824634313583374,0.24754776738858147
525,../master-dynamics/audio/525.mp3,reggaeton,0.3652556240558624,-7.5805816650390625,1.2934751510620117,938,5.8678446,4.159430027008057,0.008180052042007446,0.12162149838396034
383,../master-dynamics/audio/383.mp3,funk,0.21862255036830902,-9.440874099731445,1.379807472229004,0,5.8170977,5.884139060974121,-0.018888115882873535,0.2383326900355134
338,../master-dynamics/audio/338.mp3,electronic,0.26218846440315247,-7.19948673248291,2.839325428009033,53,7.5400743,4.948756694793701,-0.020942479372024536,0.4458617644312544
373,../master-dynamics/audio/373.mp3,funk,0.346126526594162,-7.583263874053955,1.0947370529174805,60,7.32405,3.8222618103027344,-0.007662773132324219,0.2527680548822545
319,../master-dynamics/audio/319.mp3,country,0.2556222081184387,-9.455120086669922,3.1321773529052734,5,9.377918,4.989604473114014,0.004127204418182373,0.2538499022474946
269,../master-dynamics/audio/269.mp3,metal,0.37381231784820557,-6.063128471374512,2.6499433517456055,17,5.1089706,3.5029678344726562,-0.017806529998779297,0.23848456289957512
361,../master-dynamics/audio/361.mp3,electronic,0.304879754781723,-9.226223945617676,0.662445068359375,2,3.4037542,4.316665172576904,-0.0031660795211791992,0.22877747230827689
52,../master-dynamics/audio/52.mp3,house,0.3017965257167816,-7.4986443519592285,1.9351763725280762,221,5.384771,4.528465747833252,0.002862095832824707,0.29955447645179883
640,../master-dynamics/audio/640.mp3,disco,0.3923146426677704,-6.056936264038086,1.159374713897705,1271,2.9577136,3.4592180252075195,0.0029291510581970215,0.23228583265025843
290,../master-dynamics/audio/290.mp3,metal,0.30706295371055603,-6.598756790161133,1.3672609329223633,0,5.203591,3.973186492919922,-0.006716698408126831,0.26345418605291937
658,../master-dynamics/audio/658.mp3,disco,0.2275751680135727,-9.255597114562988,2.0726537704467773,120,7.1393924,6.445245742797852,0.022321730852127075,0.29941599033893124
73,../master-dynamics/audio/73.mp3,house,0.26855790615081787,-8.65467357635498,3.725463390350342,135,7.93573,5.270683288574219,-0.001967132091522217,0.29259682569812473
278,../master-dynamics/audio/278.mp3,metal,0.3388955295085907,-6.931201457977295,0.8829817771911621,488,6.2182784,3.876736640930176,0.003464639186859131,0.29658064814707885
636,../master-dynamics/audio/636.mp3,disco,0.24008195102214813,-9.754066467285156,1.4142227172851562,5,7.2975826,5.5007643699646,0.005110740661621094,0.21216171695828906
502,../master-dynamics/audio/502.mp3,orchestral,0.17014870047569275,-9.818859100341797,9.187597274780273,0,61.548126,7.470352649688721,-0.007490247488021851,0.4597419515491368
550,../master-dynamics/audio/550.mp3,rock,0.2922697365283966,-5.9115681648254395,1.5111770629882812,141,3.8282728,4.590424537658691,0.0001055598258972168,0.3887645838118394
349,../master-dynamics/audio/349.mp3,electronic,0.3532654345035553,-5.0886430740356445,2.351367473602295,2611,5.916481,4.797097206115723,0.00797426700592041,0.3596395307158982
90,../master-dynamics/audio/90.mp3,jazz,0.20160113275051117,-10.347759246826172,2.913227081298828,0,9.272503,6.372766494750977,0.0034743845462799072,0.08879406252729419
29,../master-dynamics/audio/29.mp3,classical,0.05854818597435951,-20.18807029724121,10.016845703125,0,24.098257,11.953925132751465,-0.00798223540186882,0.2688234250159528
288,../master-dynamics/audio/288.mp3,metal,0.2863803207874298,-6.814442157745361,1.5476722717285156,229,4.8159018,4.642056465148926,-0.005028814077377319,0.36127193293588883
176,../master-dynamics/audio/176.mp3,k-pop,0.3718360960483551,-5.894063472747803,1.1848769187927246,1838,5.5146194,3.9338808059692383,-0.01923277974128723,0.3038236585593089
35,../master-dynamics/audio/35.mp3,classical,0.07334991544485092,-18.302963256835938,13.533720970153809,0,21.416908,11.99925708770752,0.016607247292995453,0.37320929187956275
368,../master-dynamics/audio/368.mp3,funk,0.3171803951263428,-8.627535820007324,2.1763529777526855,10815,14.6408415,5.941312789916992,0.008452564477920532,0.1296346901171132
286,../master-dynamics/audio/286.mp3,metal,0.2962838411331177,-6.634821891784668,1.7282514572143555,1821,6.9218616,4.828795433044434,-0.006875902414321899,0.3359656265595463
438,../master-dynamics/audio/438.mp3,pop,0.3180403709411621,-8.54924201965332,1.4611601829528809,54,6.432704,3.963928699493408,0.004446893930435181,0.19625963494281282
183,../master-dynamics/audio/183.mp3,k-pop,0.308541476726532,-6.57648229598999,0.9968400001525879,168,3.5200534,4.196776390075684,0.0005075037479400635,0.26649757638960975
20,../master-dynamics/audio/20.mp3,classical,0.07245920598506927,-19.060670852661133,9.247089385986328,0,17.798214,7.575603485107422,0.01377870887517929,0.3949510473310618
568,../master-dynamics/audio/568.mp3,rock,0.24694998562335968,-7.119549751281738,18.311168670654297,90,26.332817,6.394771575927734,-0.02120986580848694,0.34559304086189513
547,../master-dynamics/audio/547.mp3,rock,0.20258525013923645,-11.391475677490234,1.0755748748779297,0,4.63927,5.860716342926025,0.0033525079488754272,0.231688502265891
181,../master-dynamics/audio/181.mp3,k-pop,0.31550654768943787,-5.8057661056518555,2.4364986419677734,377,13.562159,4.190974712371826,-0.017844021320343018,0.3899918908527318
62,../master-dynamics/audio/62.mp3,house,0.3102313280105591,-6.144372940063477,8.242879867553711,2392,14.079372,4.683245658874512,0.002069324254989624,0.2758081309363891
117,../master-dynamics/audio/117.mp3,jazz,0.08004510402679443,-17.620363235473633,4.132802963256836,0,14.111675,9.150559425354004,0.023080214858055115,0.4580860967267203
427,../master-dynamics/audio/427.mp3,rhythm and blues,0.1910606324672699,-10.696695327758789,2.7981786727905273,0,35.724514,6.475149154663086,-1.3336539268493652e-05,0.006405032694354377
414,../master-dynamics/audio/414.mp3,rhythm and blues,0.029489563778042793,-23.305137634277344,6.645526885986328,0,13.815254,9.833887100219727,0.0016406215727329254,0.5230248489472271
317,../master-dynamics/audio/317.mp3,country,0.2953537106513977,-7.566634178161621,1.1552228927612305,308,4.845172,4.453536033630371,-0.006084442138671875,0.2961280998525493
363,../master-dynamics/audio/363.mp3,electronic,0.4678630530834198,-3.947283983230591,1.596301794052124,13641,5.7089906,3.1542463302612305,0.002750575542449951,0.25836366370760677
334,../master-dynamics/audio/334.mp3,electronic,0.11203774809837341,-15.68719482421875,6.373186111450195,0,13.999147,8.623559951782227,0.013892889022827148,0.4224512179936627
569,../master-dynamics/audio/569.mp3,rock,0.11812944710254669,-15.290820121765137,3.319185256958008,0,7.303212,7.509089469909668,-0.0014535337686538696,0.293732758898233
428,../master-dynamics/audio/428.mp3,rhythm and blues,0.16861534118652344,-12.259233474731445,1.6432256698608398,0,7.095335,7.3559465408325195,0.00010865926742553711,0.00782465483553478
509,../master-dynamics/audio/509.mp3,reggaeton,0.3864036798477173,-7.204305648803711,3.207320213317871,1304,13.960925,3.5567142963409424,-0.005770862102508545,0.1569796197359728
297,../master-dynamics/audio/297.mp3,country,0.12894144654273987,-14.195138931274414,1.1941728591918945,0,6.298602,6.355919361114502,-8.791685104370117e-07,0.0030746341902175333
196,../master-dynamics/audio/196.mp3,k-pop,0.21686027944087982,-10.738329887390137,3.778824806213379,50,11.766621,6.883379936218262,0.0009245574474334717,0.184230735832336
135,../master-dynamics/audio/135.mp3,reggae,0.23851914703845978,-9.772965431213379,1.469313621520996,3,7.842879,5.359927654266357,-0.006057024002075195,0.27400096077060304
204,../master-dynamics/audio/204.mp3,k-pop,0.3410691022872925,-7.299077033996582,1.7269086837768555,127,9.731198,3.8468263149261475,0.009565383195877075,0.2556360317186594
385,../master-dynamics/audio/385.mp3,funk,0.37419435381889343,-5.404815196990967,4.1133198738098145,6593,7.1780505,3.7961833477020264,-0.0031806230545043945,0.33931265750496886
282,../master-dynamics/audio/282.mp3,metal,0.3505801558494568,-6.487619400024414,1.190779685974121,148,3.7052097,3.636539936065674,-0.007429003715515137,0.1950411009897095
682,../master-dynamics/audio/682.mp3,motown,0.10343995690345764,-16.70821762084961,1.1807518005371094,0,8.827161,6.553609371185303,-0.009474270045757294,0.23444487271729342
649,../master-dynamics/audio/649.mp3,disco,0.1504792422056198,-12.907645225524902,2.057065010070801,0,7.458789,7.845470428466797,-0.0030815154314041138,0.34221988277091103
333,../master-dynamics/audio/333.mp3,electronic,0.26752981543540955,-8.639110565185547,1.3473014831542969,7,5.297893,4.791993618011475,-0.0015153884887695312,0.2618017685384924
91,../master-dynamics/audio/91.mp3,jazz,0.20899036526679993,-11.81003189086914,1.1214008331298828,0,7.213957,5.738010883331299,0.006638973951339722,0.2882649112136425
429,../master-dynamics/audio/429.mp3,rhythm and blues,0.09778794646263123,-15.637956619262695,7.1289215087890625,0,27.951248,14.151830673217773,-5.960464477539063e-08,9.015781792255123e-05
346,../master-dynamics/audio/346.mp3,electronic,0.38585031032562256,-6.69743537902832,6.612914085388184,3748,10.449332,3.916170120239258,0.0005906224250793457,0.18824446607445186
275,../master-dynamics/audio/275.mp3,metal,0.33608677983283997,-7.210956573486328,0.4597635269165039,1233,2.6110373,4.039236545562744,0.01216939091682434,0.2203107479595393
355,../master-dynamics/audio/355.mp3,electronic,0.24100017547607422,-8.774300575256348,1.9046025276184082,166,5.963488,5.559537410736084,-0.011177927255630493,0.3024362919683556
180,../master-dynamics/audio/180.mp3,k-pop,0.2911108732223511,-6.817137241363525,0.8750424385070801,488,4.960451,4.668908596038818,0.0038394033908843994,0.3313298692270293
516,../master-dynamics/audio/516.mp3,reggaeton,0.2513103485107422,-9.479436874389648,3.532115936279297,83,34.497414,6.116109371185303,0.0028710663318634033,0.1695623491749462
31,../master-dynamics/audio/31.mp3,classical,0.15676133334636688,-13.004441261291504,9.013219833374023,0,53.893383,7.146244049072266,1.1920928955078125e-07,5.6260912451164796e-05
537,../master-dynamics/audio/537.mp3,reggaeton,0.3106567859649658,-7.894815444946289,0.619816780090332,714,4.9095583,4.57416296005249,-0.014080405235290527,0.21198984663268824
123,../master-dynamics/audio/123.mp3,jazz,0.19672468304634094,-13.810087203979492,1.7878055572509766,0,12.683331,6.334469795227051,-0.003156229853630066,0.1432493116058119
504,../master-dynamics/audio/504.mp3,orchestral,0.06528998911380768,-19.64400291442871,7.698335647583008,0,17.120947,9.540592193603516,-0.024326220154762268,0.4679890107627009
21,../master-dynamics/audio/21.mp3,classical,0.028970638290047646,-26.765432357788086,5.767004013061523,0,18.253443,13.413872718811035,0.005618605762720108,0.4321051812200467
645,../master-dynamics/audio/645.mp3,disco,0.0776761993765831,-17.97425079345703,4.170953750610352,0,12.031217,7.950286865234375,-0.006981126964092255,0.4187766719047613
406,../master-dynamics/audio/406.mp3,rhythm and blues,0.06916803121566772,-19.395099639892578,8.642202377319336,0,20.688923,10.062795639038086,0.0012397989630699158,0.26377639191962243
238,../master-dynamics/audio/238.mp3,hip-hop,0.32132381200790405,-8.591179847717285,2.4673547744750977,1391,10.342654,4.387209415435791,0.00367775559425354,0.20782869873384557
483,../master-dynamics/audio/483.mp3,orchestral,0.11305949091911316,-14.89181900024414,3.849987030029297,0,7.9316587,7.519364356994629,0.003833562135696411,0.4607820382240403
532,../master-dynamics/audio/532.mp3,reggaeton,0.24056844413280487,-9.771134376525879,2.317204475402832,22,9.003939,5.6875152587890625,-0.0038269460201263428,0.3121937157073525
558,../master-dynamics/audio/558.mp3,rock,0.25201934576034546,-7.793132305145264,2.4231414794921875,0,6.6216884,5.278768539428711,0.016025125980377197,0.42651284185946636
625,../master-dynamics/audio/625.mp3,disco,0.1593831479549408,-12.67656421661377,2.0721006393432617,0,7.467062,7.592286586761475,0.012014105916023254,0.25121308321211705
171,../master-dynamics/audio/171.mp3,k-pop,0.38186994194984436,-4.981909275054932,1.829655647277832,627,4.257498,3.3255722522735596,-0.019969463348388672,0.3274734622787972
511,../master-dynamics/audio/511.mp3,reggaeton,0.1813284158706665,-11.552806854248047,2.409931182861328,58,10.445,8.091485023498535,5.8531761169433594e-05,0.24337053460143648
214,../master-dynamics/audio/214.mp3,hip-hop,0.20430046319961548,-9.94255256652832,3.819395065307617,12,15.511598,6.755470275878906,-0.0015525370836257935,0.3504852568048307
188,../master-dynamics/audio/188.mp3,k-pop,0.4364670515060425,-4.754014492034912,1.4365386962890625,10538,6.8036323,3.1929426193237305,-0.004161447286605835,0.2889417482520097
402,../master-dynamics/audio/402.mp3,rhythm and blues,0.2036013901233673,-11.011290550231934,2.3142356872558594,0,8.319407,6.164430141448975,-0.0003268420696258545,0.010066305826460622
571,../master-dynamics/audio/571.mp3,rock,0.38751086592674255,-4.678740978240967,1.9916191101074219,3868,4.790424,3.4202969074249268,0.01321488618850708,0.31944583155869793
43,../master-dynamics/audio/43.mp3,classical,0.03825710713863373,-23.34142303466797,8.616458892822266,0,21.072475,13.93045711517334,-0.0006242319941520691,0.40469167721109567
210,../master-dynamics/audio/210.mp3,hip-hop,0.3198019564151764,-8.12896728515625,1.776824951171875,5,7.8212323,4.144062042236328,-0.007711887359619141,0.2333515103024991
512,../master-dynamics/audio/512.mp3,reggaeton,0.34623560309410095,-7.2967848777771,1.153895378112793,4888,6.361458,4.565301418304443,0.0009708106517791748,0.12879646795744135
41,../master-dynamics/audio/41.mp3,classical,0.05254455655813217,-21.755245208740234,5.638507843017578,0,12.958992,12.610883712768555,0.008333954960107803,0.3855674116424292
